Kernel,gx,gy,gz,bx,by,bz,n,gpuId,occupancy
0,16,1,8,8,128,1,131072,0,0.492315
0,8,256,1,1,2,32,131072,0,0.24899
0,64,2,8,2,1,64,131072,0,0.492951
0,2,2,1024,4,1,8,131072,0,0.248534
0,64,1,16,16,4,2,131072,0,0.24952
0,64,1,32,1,2,32,131072,0,0.249806
0,2,2,32,128,4,2,131072,0,0.491391
0,16,4,2,2,16,32,131072,0,0.481137
0,2,32,2,32,8,4,131072,0,0.490974
0,128,1,32,1,8,4,131072,0,0.249792
0,32,4,4,4,16,4,131072,0,0.49399
0,1,64,8,4,64,1,131072,0,0.249812
0,16,32,1,32,4,2,131072,0,0.490616
0,16,4,2,16,2,32,131072,0,0.48495
0,4,4,32,4,64,1,131072,0,0.49248
0,4,64,16,8,1,4,131072,0,0.482039
0,32,2,64,2,16,1,131072,0,0.493749
0,8,128,2,4,4,4,131072,0,0.492953
0,2,32,2,32,2,16,131072,0,0.248349
0,4,2,32,2,16,16,131072,0,0.494347
0,32,2,4,4,128,1,131072,0,0.482797
0,1,64,2,4,4,64,131072,0,0.492601
0,1,128,16,4,1,16,131072,0,0.87512
0,1024,2,1,1,2,32,131072,0,0.495265
0,4,4,64,2,32,2,131072,0,0.249713
0,1,32,16,16,16,1,131072,0,0.492741
0,8,64,1,1,16,16,131072,0,0.249693
0,4,64,1,256,1,2,131072,0,0.249076
0,128,1,8,2,2,32,131072,0,0.249765
0,256,1,16,2,4,4,131072,0,0.489711
0,2,64,16,1,2,32,131072,0,0.493414
0,4,32,1,8,128,1,131072,0,0.484985
0,64,1,2,64,1,16,131072,0,0.490202
0,4,256,4,1,2,16,131072,0,0.247891
0,8,16,1,8,2,64,131072,0,0.490957
0,4,256,1,16,4,2,131072,0,0.493866
0,16,32,4,2,1,32,131072,0,0.495409
0,4,2,16,256,2,2,131072,0,0.249798
0,4,4,16,2,4,64,131072,0,0.493492
0,1,16,128,1,16,4,131072,0,0.249436
0,8,16,8,4,16,2,131072,0,0.492362
0,32,64,1,16,4,1,131072,0,0.492592
0,16,16,8,1,32,2,131072,0,0.249748
0,4,128,1,128,1,2,131072,0,0.249705
0,4,64,2,1,16,16,131072,0,0.249759
0,8,4,4,16,2,32,131072,0,0.493733
0,1,64,8,256,1,1,131072,0,0.492625
0,4,64,8,4,2,8,131072,0,0.492689
0,16,16,2,2,16,8,131072,0,0.492482
0,128,2,8,4,16,1,131072,0,0.249734
0,1,128,8,2,4,16,131072,0,0.24983
0,2,64,32,2,2,8,131072,0,0.491901
0,16,2,64,2,4,8,131072,0,0.493828
0,16,2,8,64,4,2,131072,0,0.493137
0,2,1024,1,8,4,2,131072,0,0.249694
0,32,2,32,8,2,4,131072,0,0.249375
0,2,16,16,2,16,8,131072,0,0.249864
0,32,8,1,32,2,8,131072,0,0.492401
0,4,1,256,8,16,1,131072,0,0.483685
0,2,1,256,2,2,64,131072,0,0.249734
0,4,16,2,1,512,2,131072,0,0.48659
0,128,1,4,2,32,4,131072,0,0.249834
0,256,2,1,32,4,2,131072,0,0.249694
0,4,128,4,16,1,4,131072,0,0.249759
0,8,2,64,128,1,1,131072,0,0.491845
0,64,32,2,1,2,16,131072,0,0.249778
0,8,128,1,2,64,1,131072,0,0.249733
0,8,2,16,1,256,2,131072,0,0.491933
0,2,8,128,32,1,2,131072,0,0.248646
0,1,16,64,1,64,2,131072,0,0.493313
0,2,8,256,16,2,1,131072,0,0.249854
0,8,512,1,2,2,8,131072,0,0.24972
0,16,32,1,4,8,8,131072,0,0.249766
0,4,8,32,4,1,32,131072,0,0.8726
0,4,64,2,4,4,16,131072,0,0.49269
0,1,16,16,64,4,2,131072,0,0.249604
0,8,32,16,16,2,1,131072,0,0.249792
0,2,16,4,64,8,2,131072,0,0.491448
0,1,2,1024,1,32,2,131072,0,0.492969
0,128,4,4,1,4,16,131072,0,0.249749
0,128,2,1,32,16,1,131072,0,0.492938
0,16,16,1,2,256,1,131072,0,0.249765
0,8,128,2,32,2,1,131072,0,0.492743
0,128,8,2,2,32,1,131072,0,0.479434
0,1,512,2,128,1,1,131072,0,0.484045
0,1,1024,1,4,8,4,131072,0,0.491088
0,2,1,64,16,16,4,131072,0,0.49071
0,8,4,4,1024,1,1,131072,0,0.249849
0,4,8,32,32,1,4,131072,0,0.490332
0,2,16,32,8,2,8,131072,0,0.249763
0,8,8,2,4,256,1,131072,0,0.49491
0,1,16,128,2,8,4,131072,0,0.248953
0,16,2,32,16,1,8,131072,0,0.482372
0,16,1,64,1,32,4,131072,0,0.494295
0,2,16,4,128,2,4,131072,0,0.492221
0,1,2,1024,1,2,32,131072,0,0.491209
0,4,4,128,1,8,8,131072,0,0.249737
0,2,32,64,1,8,4,131072,0,0.483157
0,2,2,512,2,2,16,131072,0,0.491282
0,4,4,32,8,4,8,131072,0,0.494293
0,16,16,1,1,512,1,131072,0,0.249219
0,2,8,64,2,1,64,131072,0,0.491171
0,4,2,32,32,2,8,131072,0,0.492884
0,2,4,512,8,1,4,131072,0,0.249811
0,1,16,16,2,64,4,131072,0,0.492553
0,32,4,2,64,8,1,131072,0,0.491272
0,1,64,4,256,2,1,131072,0,0.492411
0,16,8,8,32,2,2,131072,0,0.493365
0,32,1,4,1024,1,1,131072,0,0.483812
0,512,1,2,16,8,1,131072,0,0.249809
0,16,4,4,2,16,16,131072,0,0.249726
0,1,64,16,32,2,2,131072,0,0.493197
0,1,1,512,256,1,1,131072,0,0.249835
0,32,32,2,4,4,4,131072,0,0.484919
0,8,16,1,64,1,16,131072,0,0.24959
0,1,256,8,1,8,8,131072,0,0.483624
0,16,64,1,8,4,4,131072,0,0.491091
0,16,2,16,1,8,32,131072,0,0.489059
0,4,128,8,4,2,4,131072,0,0.494279
0,8,8,2,16,16,4,131072,0,0.490684
0,1,128,1,1,512,2,131072,0,0.490416
0,4,32,4,16,2,8,131072,0,0.249601
0,2,32,8,4,8,8,131072,0,0.249754
0,128,1,4,32,8,1,131072,0,0.492671
0,2,512,4,2,1,16,131072,0,0.248635
0,1,2,256,2,8,16,131072,0,0.24978
0,8,8,64,1,4,8,131072,0,0.249796
0,8,16,1,16,64,1,131072,0,0.247932
0,2,64,16,64,1,1,131072,0,0.49326
0,1,1,512,2,128,1,131072,0,0.249712
0,16,1,128,1,64,1,131072,0,0.249791
0,64,2,1,1024,1,1,131072,0,0.490784
0,1024,1,2,2,4,8,131072,0,0.493513
0,16,8,32,4,2,4,131072,0,0.492827
0,8,1,16,512,2,1,131072,0,0.249717
0,8,2,256,1,8,4,131072,0,0.249731
0,8,128,1,8,4,4,131072,0,0.249776
0,128,1,4,2,16,8,131072,0,0.493945
0,1,1,128,16,8,8,131072,0,0.489958
0,32,2,16,1,8,16,131072,0,0.249787
0,256,2,4,4,8,2,131072,0,0.492057
0,16,32,2,2,16,4,131072,0,0.249747
0,64,2,16,2,16,2,131072,0,0.249723
0,2,32,2,16,32,2,131072,0,0.249829
0,4,128,1,8,8,4,131072,0,0.492557
0,8,1,64,2,64,2,131072,0,0.249789
0,2,4,128,2,1,64,131072,0,0.492287
0,8,1,16,128,1,8,131072,0,0.249781
0,16,2,64,1,32,2,131072,0,0.485189
0,1,4,32,16,16,4,131072,0,0.248819
0,32,4,32,4,2,4,131072,0,0.491104
0,1,256,2,16,16,1,131072,0,0.249062
0,2,1,256,16,8,2,131072,0,0.49253
0,1,16,32,2,4,32,131072,0,0.492721
0,16,8,4,2,2,64,131072,0,0.249376
0,2,2048,1,8,4,1,131072,0,0.48578
0,1024,4,1,2,8,2,131072,0,0.24976
0,32,2,4,1,16,32,131072,0,0.249742
0,128,1,16,4,16,1,131072,0,0.24978
0,2,512,2,32,1,2,131072,0,0.483204
0,2,64,8,1,4,32,131072,0,0.249713
0,1,1024,1,8,16,1,131072,0,0.249718
0,2,4,32,1,128,4,131072,0,0.870512
0,64,16,1,64,2,1,131072,0,0.493945
0,2,2,512,1,1,64,131072,0,0.48411
0,512,1,2,1,32,4,131072,0,0.249718
0,128,4,2,8,2,8,131072,0,0.493092
0,32,32,4,2,16,1,131072,0,0.491179
0,4,8,32,2,4,16,131072,0,0.249754
0,4,2,16,1,16,64,131072,0,0.249548
0,8,16,8,4,32,1,131072,0,0.491566
0,32,2,32,4,4,4,131072,0,0.492751
0,4,4,8,1,512,2,131072,0,0.491388
0,1,1,256,256,2,1,131072,0,0.49307
0,256,1,1,8,4,16,131072,0,0.494075
0,2,8,8,128,8,1,131072,0,0.493091
0,64,1,64,1,16,2,131072,0,0.249694
0,2,512,1,1,2,64,131072,0,0.249826
0,32,16,8,2,16,1,131072,0,0.248531
0,4,32,1,1,16,64,131072,0,0.48558
0,64,32,2,4,2,4,131072,0,0.490151
0,1,256,1,2,256,1,131072,0,0.249939
0,1,16,16,16,8,4,131072,0,0.49201
0,2,2,32,4,256,1,131072,0,0.249966
0,4,128,4,1,64,1,131072,0,0.492023
0,8,256,2,4,2,4,131072,0,0.491651
0,32,4,8,4,8,4,131072,0,0.491163
0,4,16,2,64,8,2,131072,0,0.24979
0,8,1,64,64,1,4,131072,0,0.24984
0,256,16,1,1,4,8,131072,0,0.494115
0,8,32,4,32,1,4,131072,0,0.490506
0,2,4,256,16,2,2,131072,0,0.24981
0,64,1,64,4,1,8,131072,0,0.492213
0,2,8,8,4,8,32,131072,0,0.249791
0,1,2,128,128,4,1,131072,0,0.491136
0,2,2,32,16,1,64,131072,0,0.483012
0,16,16,8,64,1,1,131072,0,0.494544
0,2,32,64,2,8,2,131072,0,0.489781
0,2,2,256,1,2,64,131072,0,0.49072
0,1,16,32,1,8,32,131072,0,0.24982
0,128,4,1,64,1,4,131072,0,0.492544
0,1,4,1024,4,8,1,131072,0,0.493
0,2,32,2,4,256,1,131072,0,0.249705
0,8,256,2,8,1,4,131072,0,0.249724
0,2,8,64,1,16,8,131072,0,0.491718
0,1,2,256,4,1,64,131072,0,0.492395
0,256,1,8,1,16,4,131072,0,0.249736
0,2,16,32,1,32,4,131072,0,0.486344
0,8,8,4,2,4,64,131072,0,0.492087
0,1,128,8,16,4,2,131072,0,0.491503
0,8,2,64,1,64,2,131072,0,0.249937
0,4,32,1,8,64,2,131072,0,0.249321
0,16,2,4,64,16,1,131072,0,0.49228
0,4,128,1,128,2,1,131072,0,0.249807
0,16,2,128,16,2,1,131072,0,0.249827
0,64,1,64,2,4,4,131072,0,0.24981
0,8,1,64,8,8,4,131072,0,0.491767
0,128,4,1,64,4,1,131072,0,0.249816
0,8,1,16,4,256,1,131072,0,0.249961
0,32,16,1,16,1,16,131072,0,0.492861
0,32,1,64,8,2,4,131072,0,0.475793
0,1,4,32,64,16,1,131072,0,0.492081
0,32,8,2,128,2,1,131072,0,0.249931
0,2048,1,1,1,32,2,131072,0,0.249717
0,8,32,4,1,64,2,131072,0,0.249802
0,256,16,1,4,8,1,131072,0,0.491485
0,2,256,1,8,4,8,131072,0,0.492424
0,64,8,2,2,2,32,131072,0,0.491495
0,4,16,32,16,2,2,131072,0,0.249806
0,64,1,4,32,4,4,131072,0,0.493753
0,256,1,2,4,32,2,131072,0,0.249726
0,2,128,2,2,4,32,131072,0,0.248208
0,8,8,2,4,16,16,131072,0,0.249727
0,4,64,16,16,2,1,131072,0,0.481826
0,2,2,128,64,2,2,131072,0,0.491199
0,8,1,256,1,1,64,131072,0,0.493468
0,1,1024,2,32,2,1,131072,0,0.491619
0,2,32,8,16,2,8,131072,0,0.249753
0,4,4,128,4,8,2,131072,0,0.489764
0,1,8,16,4,64,4,131072,0,0.24976
0,4,1,256,16,2,4,131072,0,0.489778
0,16,2,16,2,16,8,131072,0,0.249812
0,32,32,2,1,16,4,131072,0,0.493679
0,64,16,1,4,4,8,131072,0,0.249847
0,512,2,2,16,4,1,131072,0,0.484761
0,32,4,2,32,2,8,131072,0,0.24978
0,32,128,1,4,1,8,131072,0,0.492738
0,64,1,16,8,1,16,131072,0,0.249804
0,512,4,1,4,8,2,131072,0,0.248653
0,1,16,8,1,16,64,131072,0,0.493898
0,1,1,1024,2,1,64,131072,0,0.491705
0,256,2,8,4,4,2,131072,0,0.249714
0,8,32,8,1,2,32,131072,0,0.249719
0,32,4,2,32,8,2,131072,0,0.493471
0,1,8,16,128,4,2,131072,0,0.484402
0,8,16,2,1,64,8,131072,0,0.249641
0,32,128,1,1,32,1,131072,0,0.492065
0,128,4,4,8,2,4,131072,0,0.495761
0,8,16,2,8,32,2,131072,0,0.490482
0,2,1,256,2,64,2,131072,0,0.493423
0,2,32,4,64,4,2,131072,0,0.249811
0,1,64,32,1,64,1,131072,0,0.491845
0,1,64,16,4,1,32,131072,0,0.491987
0,4,2,128,4,2,16,131072,0,0.249813
0,256,1,1,1,128,4,131072,0,0.24979
0,2,4,256,2,32,1,131072,0,0.248847
0,1,512,4,8,2,4,131072,0,0.493524
0,32,16,8,2,8,2,131072,0,0.484783
0,128,1,16,8,4,2,131072,0,0.486295
0,64,16,2,1,64,1,131072,0,0.249749
0,4,2,32,4,8,16,131072,0,0.480897
0,4,8,4,2,8,64,131072,0,0.249823
0,1,32,64,64,1,1,131072,0,0.249778
0,16,1,16,8,1,64,131072,0,0.490147
0,1,512,2,2,1,64,131072,0,0.492878
0,32,32,2,16,4,1,131072,0,0.49189
0,8,4,32,2,64,1,131072,0,0.249837
0,1,1,1024,1,4,32,131072,0,0.489175
0,4,32,8,1,64,2,131072,0,0.249938
0,512,1,1,32,1,8,131072,0,0.249749
0,2,16,16,64,4,1,131072,0,0.249785
0,1,8,16,2,64,8,131072,0,0.249749
0,128,1,2,128,1,4,131072,0,0.484515
0,4,16,2,32,8,4,131072,0,0.491347
0,8,32,8,4,2,8,131072,0,0.48186
0,1,128,8,16,1,8,131072,0,0.482917
0,16,32,4,1,32,2,131072,0,0.249962
0,2,2,128,128,2,1,131072,0,0.495423
0,2,8,64,2,32,2,131072,0,0.249572
0,8,8,8,2,2,64,131072,0,0.249779
0,32,1,16,32,8,1,131072,0,0.491356
0,1,4,64,16,1,32,131072,0,0.2498
0,512,1,4,4,16,1,131072,0,0.249908
0,8,2,8,128,1,8,131072,0,0.486231
0,16,1,8,16,1,64,131072,0,0.249793
0,256,1,8,1,32,2,131072,0,0.485219
0,1024,1,2,4,2,8,131072,0,0.249685
0,1,128,1,16,4,16,131072,0,0.493563
0,8,4,8,16,32,1,131072,0,0.493763
0,16,4,8,2,128,1,131072,0,0.492834
0,128,2,8,1,16,4,131072,0,0.489376
0,4,64,2,1,4,64,131072,0,0.249702
0,2,8,256,4,8,1,131072,0,0.490292
0,4,256,4,2,8,2,131072,0,0.249042
0,2,1,512,16,8,1,131072,0,0.493497
0,2,128,2,1,8,32,131072,0,0.494171
0,8,4,64,4,16,1,131072,0,0.491776
0,8,8,64,32,1,1,131072,0,0.249781
0,32,1,8,2,16,16,131072,0,0.485305
0,16,16,2,64,4,1,131072,0,0.249762
0,4,64,4,16,8,1,131072,0,0.492077
0,8,4,32,4,2,16,131072,0,0.490505
0,8,4,64,2,16,2,131072,0,0.249804
0,4,16,4,64,2,4,131072,0,0.49149
0,128,2,4,1,64,2,131072,0,0.492663
0,1,8,16,256,2,2,131072,0,0.24976
0,16,4,64,1,16,2,131072,0,0.494705
0,4,32,2,16,32,1,131072,0,0.249576
0,4,32,1,128,1,8,131072,0,0.49312
0,2,128,1,2,64,4,131072,0,0.249394
0,1,2,512,1,64,2,131072,0,0.494554
0,2,1,64,1,32,32,131072,0,0.249759
0,1,512,1,32,8,1,131072,0,0.493659
0,16,32,1,16,16,1,131072,0,0.492584
0,2,2,64,256,1,2,131072,0,0.477455
0,4,2,128,16,1,8,131072,0,0.2497
0,64,32,1,1,1,64,131072,0,0.249791
0,32,2,2,2,512,1,131072,0,0.249694
0,16,1,8,32,32,1,131072,0,0.24985
0,1,1,128,256,2,2,131072,0,0.491895
0,64,1,8,32,4,2,131072,0,0.249722
0,1,8,256,2,1,32,131072,0,0.249854
0,16,2,8,4,64,2,131072,0,0.492476
0,1,8,32,128,2,2,131072,0,0.491378
0,8,128,2,8,8,1,131072,0,0.249834
0,16,16,2,1,8,32,131072,0,0.493247
0,64,1,4,1,128,4,131072,0,0.24973
0,32,1,64,2,4,8,131072,0,0.248208
0,4,1,64,32,8,2,131072,0,0.493412
0,64,2,16,4,4,4,131072,0,0.249879
0,4,256,2,8,2,4,131072,0,0.24986
0,2,8,32,128,2,1,131072,0,0.491189
0,8,1,16,1,64,16,131072,0,0.249821
0,1,2,2048,8,2,2,131072,0,0.49177
0,32,32,4,16,1,2,131072,0,0.249722
0,4,32,16,4,1,16,131072,0,0.249949
0,32,2,16,16,4,2,131072,0,0.249923
0,1,2,128,64,8,1,131072,0,0.493312
0,2,4,32,4,4,32,131072,0,0.249855
0,8,4,4,256,1,4,131072,0,0.24982
0,512,8,1,2,8,2,131072,0,0.249838
0,64,4,1,8,2,32,131072,0,0.491912
0,64,4,2,2,64,2,131072,0,0.249951
0,4,16,16,8,4,4,131072,0,0.249793
0,16,8,4,4,16,4,131072,0,0.249731
0,2,1,128,128,4,1,131072,0,0.489004
0,32,2,4,512,1,1,131072,0,0.491802
0,2,2,1024,2,8,2,131072,0,0.483974
0,128,1,1,1024,1,1,131072,0,0.249861
0,4,1024,1,1,32,1,131072,0,0.49197
0,32,64,1,1,1,64,131072,0,0.491397
0,4,16,4,1,8,64,131072,0,0.249696
0,8,8,4,4,64,2,131072,0,0.249862
0,32,2,16,1,4,32,131072,0,0.485589
0,2,4,32,8,32,2,131072,0,0.491729
0,8,2,64,4,16,2,131072,0,0.484236
0,32,16,1,16,16,1,131072,0,0.493072
0,1,4,128,2,2,64,131072,0,0.493267
0,4,8,32,16,8,1,131072,0,0.249616
0,32,128,1,2,8,2,131072,0,0.490609
0,2,8,8,1,512,2,131072,0,0.249051
0,128,1,16,16,4,1,131072,0,0.495491
0,1,4,128,8,2,16,131072,0,0.492268
0,128,32,1,1,16,2,131072,0,0.249745
0,4,1024,1,8,1,4,131072,0,0.249771
0,4,2,128,128,1,1,131072,0,0.249784
0,1,4,512,8,4,2,131072,0,0.49255
0,8,4,16,2,128,1,131072,0,0.249776
0,1,128,1,4,64,4,131072,0,0.493479
0,128,2,8,8,4,2,131072,0,0.249693
0,128,8,2,32,2,1,131072,0,0.494163
0,8,8,16,2,64,1,131072,0,0.249822
0,8,32,1,16,4,8,131072,0,0.494242
0,16,8,4,4,32,2,131072,0,0.494543
0,2048,2,1,4,4,2,131072,0,0.249853
0,64,2,2,16,32,1,131072,0,0.493212
0,64,4,1,1,32,16,131072,0,0.24979
0,4,4,8,512,1,2,131072,0,0.249589
0,8,8,64,16,1,2,131072,0,0.249779
0,4,2,512,8,2,2,131072,0,0.492079
0,8,4,8,1,256,2,131072,0,0.249776
0,2,1,64,8,4,32,131072,0,0.491352
0,32,4,16,16,2,2,131072,0,0.249792
0,4,8,32,1,2,64,131072,0,0.249699
0,2,8,128,2,4,8,131072,0,0.4933
0,2,64,2,2,16,16,131072,0,0.491866
0,128,16,2,2,1,16,131072,0,0.493678
0,4,64,1,2,64,4,131072,0,0.249796
0,512,2,2,1,64,1,131072,0,0.484065
0,1,2,128,8,64,1,131072,0,0.483841
0,4,128,2,2,1,64,131072,0,0.492167
0,8,128,1,4,4,8,131072,0,0.491648
0,1024,1,1,8,1,16,131072,0,0.249828
0,64,8,8,2,4,4,131072,0,0.249812
0,32,64,2,1,32,1,131072,0,0.490902
0,8,32,16,1,32,1,131072,0,0.249847
0,8,16,2,2,16,16,131072,0,0.249708
0,16,1,16,4,8,16,131072,0,0.493825
0,2,4,16,2,64,8,131072,0,0.48386
0,32,8,4,8,4,4,131072,0,0.249963
0,1,2,512,2,32,2,131072,0,0.248638
0,2,512,2,8,2,4,131072,0,0.493459
0,1,4,256,64,2,1,131072,0,0.492474
0,8,512,1,1,32,1,131072,0,0.249857
0,2,128,8,16,1,4,131072,0,0.249315
0,4,32,1,4,16,16,131072,0,0.492456
0,8,4,4,4,16,16,131072,0,0.493772
0,4,16,8,32,2,4,131072,0,0.249855
0,8,64,1,256,1,1,131072,0,0.492696
0,8,2,16,128,2,2,131072,0,0.490359
0,64,4,2,8,2,16,131072,0,0.249846
0,2,8,16,32,4,4,131072,0,0.249742
0,128,32,1,8,1,4,131072,0,0.249936
0,2,4,256,1,8,8,131072,0,0.249776
0,64,4,4,16,4,2,131072,0,0.489393
0,4,32,4,8,32,1,131072,0,0.249962
0,2,64,1,1,1024,1,131072,0,0.249802
0,8,128,4,4,2,4,131072,0,0.249422
0,128,2,1,4,128,1,131072,0,0.249258
0,1,128,1,4,128,2,131072,0,0.492679
0,4,8,32,2,64,1,131072,0,0.249785
0,4,128,1,2,8,16,131072,0,0.487328
0,16,4,16,2,32,2,131072,0,0.493033
0,2,2,512,2,4,8,131072,0,0.249803
0,128,8,4,2,16,1,131072,0,0.249853
0,1,64,4,8,1,64,131072,0,0.24977
0,16,8,1,128,2,4,131072,0,0.490677
0,64,2,1,256,1,4,131072,0,0.249779
0,4,32,2,32,8,2,131072,0,0.24968
0,1,64,8,16,2,8,131072,0,0.249614
0,1,128,2,256,2,1,131072,0,0.249966
0,1,8,64,1,256,1,131072,0,0.249968
0,2,1,64,2,16,32,131072,0,0.48552
0,1,1024,1,2,32,2,131072,0,0.249809
0,8,2,128,8,8,1,131072,0,0.481575
0,2,512,2,2,1,32,131072,0,0.249762
0,128,2,16,8,2,2,131072,0,0.248534
0,4,8,4,1,128,8,131072,0,0.492635
0,16,32,1,4,1,64,131072,0,0.249785
0,1,8,64,4,1,64,131072,0,0.492965
0,32,4,4,16,2,8,131072,0,0.249609
0,16,4,8,32,8,1,131072,0,0.492757
0,8,8,4,8,2,32,131072,0,0.49155
0,32,2,8,1,8,32,131072,0,0.493145
0,1024,1,1,32,2,2,131072,0,0.482247
0,2,64,16,1,64,1,131072,0,0.248905
0,32,4,1,32,16,2,131072,0,0.49201
0,1024,1,4,8,1,4,131072,0,0.249769
0,32,1,4,8,32,4,131072,0,0.249877
0,4,16,8,1,8,32,131072,0,0.249765
0,128,1,2,8,16,4,131072,0,0.249963
0,512,1,2,32,1,4,131072,0,0.480255
0,2,128,16,4,4,2,131072,0,0.249755
0,16,1,8,4,32,8,131072,0,0.494498
0,16,16,1,16,16,2,131072,0,0.249955
0,8,4,16,8,8,4,131072,0,0.494022
0,1,1024,4,1,32,1,131072,0,0.48698
0,128,1,4,1,4,64,131072,0,0.490499
0,8,32,8,2,4,8,131072,0,0.491819
0,16,16,16,2,16,1,131072,0,0.486978
0,256,1,1,16,16,2,131072,0,0.249769
0,64,8,1,8,4,8,131072,0,0.495339
0,8,2,16,2,16,16,131072,0,0.489364
0,4,32,1,16,2,32,131072,0,0.249726
0,16,16,16,16,1,2,131072,0,0.249773
0,1,128,4,2,32,4,131072,0,0.249785
0,32,1,4,128,2,4,131072,0,0.24989
0,128,2,4,1,2,64,131072,0,0.249775
0,4,64,4,8,8,2,131072,0,0.249735
0,4,128,2,8,2,8,131072,0,0.492218
0,1,2,512,16,4,2,131072,0,0.249737
0,8,1,256,16,1,4,131072,0,0.249826
0,1,16,16,4,2,64,131072,0,0.49417
0,512,1,1,64,1,4,131072,0,0.247954
0,64,1,32,16,1,4,131072,0,0.249807
0,2,32,64,1,1,32,131072,0,0.491088
0,2048,1,1,32,2,1,131072,0,0.492643
0,32,1,4,64,8,2,131072,0,0.494841
0,128,8,2,1,32,2,131072,0,0.492646
0,16,1,8,8,2,64,131072,0,0.492094
0,128,16,2,2,4,4,131072,0,0.490536
0,4,64,2,32,1,8,131072,0,0.491724
0,2,32,2,4,64,4,131072,0,0.49221
0,8,8,16,1,4,32,131072,0,0.249802
0,1,16,64,1,8,16,131072,0,0.481106
0,1,32,128,8,4,1,131072,0,0.249677
0,4,2,128,2,8,8,131072,0,0.249643
0,1,64,4,32,8,2,131072,0,0.484944
0,8,16,2,8,1,64,131072,0,0.492259
0,8,2,8,16,8,8,131072,0,0.249766
0,8,8,16,4,32,1,131072,0,0.249792
0,4,2,64,1,4,64,131072,0,0.493195
0,1,64,8,16,8,2,131072,0,0.249573
0,64,1,64,4,4,2,131072,0,0.24993
0,2,128,8,1,64,1,131072,0,0.249714
0,128,1,4,64,4,1,131072,0,0.491404
0,64,16,2,8,8,1,131072,0,0.249852
0,1,512,1,1,32,8,131072,0,0.24997
0,2,128,8,8,8,1,131072,0,0.483568
0,8,4,32,64,2,1,131072,0,0.492432
0,2,2,32,4,8,32,131072,0,0.249945
0,16,1,16,2,8,32,131072,0,0.492073
0,8,1,256,8,1,8,131072,0,0.493087
0,128,4,1,16,8,2,131072,0,0.49243
0,16,8,1,1024,1,1,131072,0,0.249714
0,256,1,4,32,4,1,131072,0,0.493893
0,2,4,32,32,1,16,131072,0,0.490843
0,8,8,16,1,64,2,131072,0,0.249416
0,16,64,1,1,8,16,131072,0,0.492267
0,4,64,1,2,128,2,131072,0,0.492639
0,4,4,8,8,4,32,131072,0,0.249736
0,256,2,2,32,2,2,131072,0,0.4961
0,16,4,16,2,64,1,131072,0,0.490741
0,1,8,16,8,32,4,131072,0,0.249758
0,1,32,8,8,2,32,131072,0,0.249827
0,16,8,2,32,8,2,131072,0,0.494348
0,4,8,64,4,2,8,131072,0,0.485481
0,4,128,2,2,16,4,131072,0,0.493212
0,8,2,128,1,8,8,131072,0,0.484427
0,16,32,8,1,32,1,131072,0,0.493061
0,8,16,2,2,8,32,131072,0,0.486112
0,128,1,32,2,4,4,131072,0,0.475441
0,4,8,8,512,1,1,131072,0,0.249828
0,1,2,2048,32,1,1,131072,0,0.486843
0,16,2,4,2,512,1,131072,0,0.249812
0,8,8,2,4,128,2,131072,0,0.249292
0,4,32,1,16,4,16,131072,0,0.24982
0,2,32,2,16,4,16,131072,0,0.24969
0,16,1,8,2,128,4,131072,0,0.492491
0,8,8,16,64,2,1,131072,0,0.858934
0,2,256,4,4,4,4,131072,0,0.491593
0,128,16,1,2,8,4,131072,0,0.249789
0,4,128,1,8,32,1,131072,0,0.249843
0,8,16,4,16,2,8,131072,0,0.492608
0,64,1,8,2,128,1,131072,0,0.492963
0,4,32,4,16,1,16,131072,0,0.492911
0,4,1,32,1,128,8,131072,0,0.492258
0,2,16,128,2,1,16,131072,0,0.492129
0,1,512,2,8,8,2,131072,0,0.493028
0,32,2,32,16,1,4,131072,0,0.491737
0,16,8,1,2,512,1,131072,0,0.492502
0,2,256,8,1,1,32,131072,0,0.249817
0,1,16,16,256,1,2,131072,0,0.493433
0,8,4,4,8,32,4,131072,0,0.249808
0,2,16,64,2,32,1,131072,0,0.487933
0,32,4,1,1,32,32,131072,0,0.49182
0,16,1,128,1,2,32,131072,0,0.494747
0,8,16,4,128,2,1,131072,0,0.494152
0,8,8,2,64,2,8,131072,0,0.249839
0,1,4,512,2,16,2,131072,0,0.490276
0,8,16,32,2,4,4,131072,0,0.494461
0,8,4,8,128,4,1,131072,0,0.490531
0,2,1,512,8,1,16,131072,0,0.249764
0,1024,1,4,1,2,16,131072,0,0.24979
0,2,16,8,1,512,1,131072,0,0.48501
0,256,1,8,1,8,8,131072,0,0.248616
0,1024,1,4,16,1,2,131072,0,0.490212
0,1,2,64,256,2,2,131072,0,0.249702
0,128,1,4,1,8,32,131072,0,0.249724
0,16,32,4,2,32,1,131072,0,0.249106
0,4,16,4,4,4,32,131072,0,0.481869
0,64,1,64,16,2,1,131072,0,0.491212
0,256,2,1,256,1,1,131072,0,0.249754
0,1,4,128,32,4,2,131072,0,0.492449
0,64,1,32,8,4,2,131072,0,0.249534
0,32,16,1,32,4,2,131072,0,0.249816
0,2048,2,1,2,8,2,131072,0,0.249832
0,2,1,128,4,128,1,131072,0,0.249734
0,8,64,1,4,8,8,131072,0,0.49167
0,4,512,1,32,1,2,131072,0,0.249021
0,16,1,128,2,2,16,131072,0,0.249479
0,16,32,4,64,1,1,131072,0,0.491175
0,2,128,8,2,32,1,131072,0,0.493619
0,8,2,16,8,4,16,131072,0,0.484798
0,1,4,64,2,256,1,131072,0,0.24974
0,64,4,4,16,8,1,131072,0,0.249769
0,1,4,512,16,4,1,131072,0,0.492054
0,8,4,16,4,2,32,131072,0,0.249885
0,8,1,16,1,1024,1,131072,0,0.492394
0,32,1,4,1,256,4,131072,0,0.249658
0,64,1,4,16,2,16,131072,0,0.2498
0,1,2,64,64,4,4,131072,0,0.248996
0,4,256,4,1,16,2,131072,0,0.492824
0,1,2,128,16,16,2,131072,0,0.249625
0,512,1,1,128,1,2,131072,0,0.492647
0,32,2,8,1,256,1,131072,0,0.493615
0,512,1,4,4,2,8,131072,0,0.494017
0,1,2,64,16,4,16,131072,0,0.482767
0,2,64,1,2,128,4,131072,0,0.493409
0,1,8,128,64,1,2,131072,0,0.249655
0,8,8,4,4,128,1,131072,0,0.489126
0,1,1,512,8,1,32,131072,0,0.493211
0,1,32,4,2,512,1,131072,0,0.249795
0,2,32,4,64,8,1,131072,0,0.492823
0,64,2,16,2,32,1,131072,0,0.24974
0,4,4,64,1,2,64,131072,0,0.249776
0,8,32,16,1,16,2,131072,0,0.249829
0,256,2,8,1,16,2,131072,0,0.24971
0,1,4,128,4,32,2,131072,0,0.24979
0,2,16,8,64,8,1,131072,0,0.481898
0,1,8,64,8,2,16,131072,0,0.249943
0,2048,1,1,16,4,1,131072,0,0.492855
0,8,32,1,8,1,64,131072,0,0.249811
0,2,64,2,32,4,4,131072,0,0.494117
0,2,64,2,32,8,2,131072,0,0.249831
0,2,256,4,4,16,1,131072,0,0.249763
0,1,16,256,1,8,4,131072,0,0.495665
0,8,64,2,4,8,4,131072,0,0.492034
0,32,4,2,4,64,2,131072,0,0.492708
0,32,2,32,4,16,1,131072,0,0.249684
0,2,64,2,16,16,2,131072,0,0.491772
0,4,4,32,2,128,1,131072,0,0.489514
0,2,16,32,4,16,2,131072,0,0.486108
0,1,16,16,32,16,1,131072,0,0.493166
0,2,4,256,4,4,4,131072,0,0.249769
0,4,8,32,8,4,4,131072,0,0.48549
0,2,256,4,64,1,1,131072,0,0.486415
0,1,512,2,2,32,2,131072,0,0.249719
0,4,2,16,256,4,1,131072,0,0.492398
0,4,2,32,1,64,8,131072,0,0.249809
0,128,4,8,16,2,1,131072,0,0.249855
0,8,2,8,32,16,2,131072,0,0.493552
0,2,32,8,1,256,1,131072,0,0.249762
0,32,8,4,1,128,1,131072,0,0.249795
0,2,1,2048,1,1,32,131072,0,0.492862
0,128,2,4,16,8,1,131072,0,0.249794
0,16,32,4,32,1,2,131072,0,0.249789
0,2,1024,2,32,1,1,131072,0,0.493424
0,8,512,1,32,1,1,131072,0,0.49139
0,64,16,4,16,2,1,131072,0,0.492359
0,16,8,1,2,32,16,131072,0,0.249728
0,2,32,32,64,1,1,131072,0,0.248897
0,64,4,2,4,64,1,131072,0,0.249686
0,1,128,2,8,16,4,131072,0,0.248963
0,4,8,32,16,2,4,131072,0,0.249716
0,4,64,2,4,16,4,131072,0,0.249773
0,32,64,2,8,4,1,131072,0,0.249777
0,32,8,2,2,32,4,131072,0,0.492344
0,32,4,8,4,2,16,131072,0,0.249738
0,1,1,4096,2,16,1,131072,0,0.249964
0,1,32,4,32,4,8,131072,0,0.24994
0,8,128,1,4,1,32,131072,0,0.49017
0,512,1,1,4,8,8,131072,0,0.249694
0,16,8,4,32,2,4,131072,0,0.249791
0,8,4,8,16,2,16,131072,0,0.249766
0,8,1,16,32,32,1,131072,0,0.49384
0,16,64,2,8,4,2,131072,0,0.249968
0,4,4,8,2,512,1,131072,0,0.249824
0,16,8,2,1,16,32,131072,0,0.493337
0,8,2,16,32,8,2,131072,0,0.24974
0,8,2,32,16,16,1,131072,0,0.249661
0,128,4,4,2,16,2,131072,0,0.48936
0,16,1,64,2,2,32,131072,0,0.490849
0,8,32,1,64,8,1,131072,0,0.249782
0,8,64,2,128,1,1,131072,0,0.249774
0,32,2,32,2,1,32,131072,0,0.491083
0,4,32,32,1,2,16,131072,0,0.249807
0,32,16,8,16,1,2,131072,0,0.493002
0,32,1,4,2,256,2,131072,0,0.249963
0,64,16,1,2,64,1,131072,0,0.495062
0,1,1,1024,64,1,2,131072,0,0.249952
0,64,1,64,1,2,16,131072,0,0.249765
0,8,4,16,1,8,32,131072,0,0.249717
0,8,2,8,32,8,4,131072,0,0.495656
0,4,8,4,32,4,8,131072,0,0.481501
0,1,256,8,16,4,1,131072,0,0.484776
0,2,2,256,32,4,1,131072,0,0.249737
0,32,8,8,1,64,1,131072,0,0.249818
0,256,1,8,4,2,8,131072,0,0.24974
0,16,8,4,32,4,2,131072,0,0.491303
0,32,1,4,4,256,1,131072,0,0.249812
0,1,64,2,1,32,32,131072,0,0.492293
0,1,256,1,1,32,16,131072,0,0.491899
0,2,4,512,4,4,2,131072,0,0.493298
0,64,1,4,8,4,16,131072,0,0.248913
0,64,1,2,64,8,2,131072,0,0.473548
0,2,16,8,4,32,4,131072,0,0.493404
0,64,1,32,2,32,1,131072,0,0.248649
0,2,16,128,32,1,1,131072,0,0.49292
0,16,8,8,128,1,1,131072,0,0.249067
0,2048,1,2,1,1,32,131072,0,0.495174
0,8,2,16,256,1,2,131072,0,0.49393
0,2,64,4,2,2,64,131072,0,0.494799
0,2,4,32,512,1,1,131072,0,0.493376
0,1,128,2,16,4,8,131072,0,0.249822
0,1,1,4096,16,2,1,131072,0,0.490111
0,8,8,8,16,2,8,131072,0,0.494456
0,512,1,4,4,1,16,131072,0,0.24984
0,4,16,8,16,4,4,131072,0,0.493521
0,1,64,8,8,16,2,131072,0,0.49285
0,1,1,128,1,64,16,131072,0,0.48166
0,1,128,8,64,2,1,131072,0,0.482066
0,32,4,8,4,1,32,131072,0,0.493947
0,128,8,2,2,8,4,131072,0,0.249681
0,256,4,1,32,2,2,131072,0,0.490962
0,64,1,32,8,2,4,131072,0,0.494959
0,64,32,1,2,8,4,131072,0,0.493453
0,128,1,32,2,2,8,131072,0,0.249831
0,128,8,1,32,1,4,131072,0,0.249775
0,64,2,4,1,256,1,131072,0,0.494488
0,4,2,128,64,1,2,131072,0,0.48508
0,8,64,2,8,8,2,131072,0,0.249933
0,2,1024,1,64,1,1,131072,0,0.488996
0,8,16,8,2,4,16,131072,0,0.249596
0,16,256,1,2,2,8,131072,0,0.49337
0,1,256,8,1,4,16,131072,0,0.249776
0,256,1,2,8,8,4,131072,0,0.482282
0,64,1,8,64,1,4,131072,0,0.249771
0,1,64,64,2,16,1,131072,0,0.4922
0,4,1,64,32,2,8,131072,0,0.482409
0,2,64,16,1,1,64,131072,0,0.249723
0,8,4,128,8,2,2,131072,0,0.249298
0,4,1,128,2,4,32,131072,0,0.493098
0,32,4,2,1,16,32,131072,0,0.491211
0,4,64,8,1,32,2,131072,0,0.249845
0,16,32,2,2,64,1,131072,0,0.249595
0,1,1,128,8,64,2,131072,0,0.249753
0,8,512,1,8,2,2,131072,0,0.491286
0,1,512,2,2,64,1,131072,0,0.48099
0,8,64,1,16,4,4,131072,0,0.492023
0,128,4,1,2,4,32,131072,0,0.481214
0,2,64,16,2,8,4,131072,0,0.249972
0,32,32,4,2,8,2,131072,0,0.491739
0,64,4,1,8,32,2,131072,0,0.249823
0,64,2,4,2,8,16,131072,0,0.493076
0,8,2,256,2,4,4,131072,0,0.492244
0,8,32,4,8,4,4,131072,0,0.495649
0,8,16,16,2,8,4,131072,0,0.490499
0,2,2,32,128,8,1,131072,0,0.494122
0,8,32,4,2,64,1,131072,0,0.485369
0,1,16,32,2,128,1,131072,0,0.24933
0,128,4,1,1,4,64,131072,0,0.493181
0,2,32,2,512,2,1,131072,0,0.492206
0,16,64,2,1,32,2,131072,0,0.49215
0,256,2,1,16,4,4,131072,0,0.493781
0,8,1,512,2,16,1,131072,0,0.249824
0,1,1,1024,2,32,2,131072,0,0.493023
0,16,4,16,1,64,2,131072,0,0.49428
0,2,64,4,64,1,4,131072,0,0.491517
0,64,1,64,4,8,1,131072,0,0.483061
0,8,2,16,1,32,16,131072,0,0.249967
0,32,1,32,8,2,8,131072,0,0.492963
0,1,128,2,4,128,1,131072,0,0.249822
0,64,1,2,8,4,32,131072,0,0.249804
0,1,4,512,16,1,4,131072,0,0.249822
0,4,8,64,4,4,4,131072,0,0.249749
0,512,8,1,2,1,16,131072,0,0.249774
0,64,8,1,8,16,2,131072,0,0.249906
0,64,1,32,4,8,2,131072,0,0.491384
0,2,128,8,32,1,2,131072,0,0.249865
0,32,1,8,1,128,4,131072,0,0.491004
0,16,1,128,16,4,1,131072,0,0.483888
0,2,128,1,1,512,1,131072,0,0.24981
0,2,1,128,512,1,1,131072,0,0.249798
0,128,1,16,2,1,32,131072,0,0.249698
0,4,1,128,16,1,16,131072,0,0.491433
0,2,4,32,8,8,8,131072,0,0.249848
0,4,128,1,16,2,8,131072,0,0.490386
0,4,64,4,2,2,32,131072,0,0.249179
0,4,2,64,8,2,16,131072,0,0.491189
0,32,2,8,2,128,1,131072,0,0.486395
0,4,64,1,32,2,8,131072,0,0.481077
0,1,256,16,2,4,4,131072,0,0.24988
0,4,128,4,8,2,4,131072,0,0.491082
0,1,4,32,1,32,32,131072,0,0.492825
0,128,1,16,2,32,1,131072,0,0.249778
0,64,4,16,4,4,2,131072,0,0.490419
0,32,4,2,2,256,1,131072,0,0.484795
0,256,1,1,8,1,64,131072,0,0.491029
0,1,1,1024,4,32,1,131072,0,0.489835
0,64,4,1,16,8,4,131072,0,0.249798
0,8,8,2,128,2,4,131072,0,0.493955
0,16,16,4,16,2,4,131072,0,0.492223
0,1,256,2,1,4,64,131072,0,0.485526
0,4,4,256,1,1,32,131072,0,0.248929
0,2,8,32,4,1,64,131072,0,0.492424
0,16,1,64,2,64,1,131072,0,0.249958
0,1,1,512,64,4,1,131072,0,0.494076
0,16,16,1,2,128,2,131072,0,0.489799
0,4,512,2,2,16,1,131072,0,0.490107
0,2,1,64,512,1,2,131072,0,0.249817
0,1,4,64,1,8,64,131072,0,0.493739
0,16,8,4,1,16,16,131072,0,0.492588
0,4,2,16,256,1,4,131072,0,0.492047
0,2,4,64,64,1,4,131072,0,0.249814
0,256,4,1,1,8,16,131072,0,0.494262
0,1,512,4,2,1,32,131072,0,0.492489
0,64,1,4,4,128,1,131072,0,0.249474
0,2,1,256,4,8,8,131072,0,0.492058
0,1,512,2,1,8,16,131072,0,0.491071
0,2,128,4,4,16,2,131072,0,0.249751
0,2,128,2,4,16,4,131072,0,0.249774
0,64,4,8,2,32,1,131072,0,0.248611
0,4,8,8,32,1,16,131072,0,0.2498
0,1,1,256,16,32,1,131072,0,0.491033
0,1,1,512,1,16,16,131072,0,0.249726
0,8,16,4,16,4,4,131072,0,0.249747
0,8,32,8,1,8,8,131072,0,0.493523
0,2,1,2048,8,4,1,131072,0,0.493677
0,16,4,4,512,1,1,131072,0,0.249183
0,8,32,8,16,2,2,131072,0,0.491974
0,512,8,1,8,4,1,131072,0,0.249836
0,256,2,2,4,4,8,131072,0,0.480496
0,1,16,256,2,4,4,131072,0,0.249966
0,64,4,8,4,2,8,131072,0,0.249689
0,128,4,4,16,2,2,131072,0,0.249684
0,16,2,16,128,2,1,131072,0,0.49402
0,512,2,1,2,16,4,131072,0,0.24982
0,32,32,1,1,4,32,131072,0,0.249862
0,2,64,4,16,2,8,131072,0,0.494672
0,32,2,32,1,2,32,131072,0,0.491014
0,4,256,2,8,4,2,131072,0,0.491957
0,64,4,1,4,2,64,131072,0,0.492386
0,16,64,1,4,32,1,131072,0,0.488877
0,32,16,2,16,4,2,131072,0,0.249778
0,4,16,4,4,16,8,131072,0,0.487614
0,8,8,2,64,16,1,131072,0,0.490851
0,1,4,32,4,32,8,131072,0,0.491857
0,256,2,8,8,2,2,131072,0,0.494025
0,1,64,4,8,64,1,131072,0,0.491659
0,32,64,1,16,2,2,131072,0,0.249769
0,512,4,2,2,16,1,131072,0,0.49207
0,16,4,2,256,4,1,131072,0,0.492585
0,1,4096,1,8,1,4,131072,0,0.249789
0,2,1,64,512,2,1,131072,0,0.249231
0,256,1,16,2,1,16,131072,0,0.249843
0,4,32,32,1,4,8,131072,0,0.249725
0,32,4,8,1,8,16,131072,0,0.249971
0,4,32,2,1,16,32,131072,0,0.24976
0,16,8,4,32,1,8,131072,0,0.249745
0,2,4,32,2,4,64,131072,0,0.491714
0,8,32,8,2,16,2,131072,0,0.493648
0,1,8,32,32,2,8,131072,0,0.248713
0,1,512,4,2,16,2,131072,0,0.488716
0,1,16,128,8,1,8,131072,0,0.249679
0,2,32,16,1,2,64,131072,0,0.490684
0,64,4,2,16,2,8,131072,0,0.493924
0,8,64,4,1,4,16,131072,0,0.249807
0,1,32,4,1024,1,1,131072,0,0.491835
0,2,128,2,16,16,1,131072,0,0.249604
0,4,16,16,64,1,2,131072,0,0.249774
0,2,4,32,2,128,2,131072,0,0.249728
0,2,4,128,8,4,4,131072,0,0.249749
0,2,32,2,64,8,2,131072,0,0.492997
0,1,4,32,128,2,4,131072,0,0.492879
0,32,1,64,8,4,2,131072,0,0.494209
0,2,128,4,16,4,2,131072,0,0.249773
0,2,2,64,2,64,4,131072,0,0.492532
0,1,32,128,1,4,8,131072,0,0.249221
0,4,2,256,32,2,1,131072,0,0.493829
0,1,2,64,2,128,4,131072,0,0.492237
0,1,512,2,2,16,4,131072,0,0.494213
0,8,1,64,4,1,64,131072,0,0.249869
0,1,32,16,4,1,64,131072,0,0.249747
0,64,2,4,1,4,64,131072,0,0.249838
0,64,4,4,64,2,1,131072,0,0.249741
0,8,512,1,4,4,2,131072,0,0.492041
0,4,32,2,1,512,1,131072,0,0.490896
0,2,8,8,256,4,1,131072,0,0.490655
0,2,16,16,8,2,16,131072,0,0.24916
0,4,128,1,64,1,4,131072,0,0.249696
0,32,16,8,1,32,1,131072,0,0.24997
0,4,32,1,32,4,8,131072,0,0.249872
0,2,2,32,64,4,4,131072,0,0.480291
0,64,4,2,32,1,8,131072,0,0.248991
0,2,8,32,32,8,1,131072,0,0.249836
0,1,2048,1,2,1,32,131072,0,0.249824
0,2,128,4,2,4,16,131072,0,0.248645
0,128,2,2,4,8,8,131072,0,0.490067
0,1,512,2,16,1,8,131072,0,0.249641
0,2,16,4,4,16,16,131072,0,0.249787
0,32,1,32,32,4,1,131072,0,0.493849
0,32,16,2,64,2,1,131072,0,0.484489
0,2,1,256,8,2,16,131072,0,0.249673
0,2,32,64,1,2,16,131072,0,0.249817
0,16,256,1,2,1,16,131072,0,0.489105
0,8,8,8,64,2,2,131072,0,0.493046
0,16,8,8,2,1,64,131072,0,0.249686
0,16,16,2,16,8,2,131072,0,0.491425
0,1024,2,1,2,32,1,131072,0,0.249688
0,16,1,256,4,1,8,131072,0,0.490902
0,1,32,32,4,16,2,131072,0,0.24979
0,4,32,16,16,1,4,131072,0,0.249145
0,32,8,2,2,4,32,131072,0,0.249736
0,32,8,8,32,1,2,131072,0,0.249821
0,256,1,4,1,64,2,131072,0,0.49146
0,2,128,2,8,1,32,131072,0,0.4945
0,64,8,1,4,1,64,131072,0,0.249662
0,128,16,2,4,1,8,131072,0,0.492325
0,1,256,4,16,1,8,131072,0,0.24956
0,2,4,128,32,4,1,131072,0,0.24984
0,8,16,16,32,1,2,131072,0,0.249755
0,2,32,16,1,64,2,131072,0,0.249797
0,1,32,64,1,2,32,131072,0,0.492964
0,16,64,1,32,2,2,131072,0,0.249955
0,1,2,64,32,16,2,131072,0,0.249691
0,64,4,4,64,1,2,131072,0,0.249803
0,2,16,8,256,2,1,131072,0,0.249881
0,512,2,1,1,128,1,131072,0,0.49208
0,16,2,8,32,1,16,131072,0,0.249805
0,256,2,2,4,8,4,131072,0,0.249736
0,4,16,4,1,128,4,131072,0,0.249804
0,1,512,1,2,4,32,131072,0,0.49269
0,1,64,4,1,8,64,131072,0,0.249118
0,64,32,1,1,4,16,131072,0,0.249791
0,4,4,64,1,4,32,131072,0,0.249708
0,64,1,2,32,2,16,131072,0,0.485843
0,4,2,128,2,16,4,131072,0,0.491065
0,4,2,256,8,8,1,131072,0,0.249821
0,128,2,2,4,4,16,131072,0,0.487177
0,8,2,16,2,256,1,131072,0,0.249818
0,16,128,2,2,8,2,131072,0,0.249896
0,4,1,64,512,1,1,131072,0,0.492169
0,32,16,1,4,16,4,131072,0,0.492816
0,2,2,32,128,1,8,131072,0,0.49211
0,1,512,2,32,1,4,131072,0,0.490191
0,8,4,64,32,1,2,131072,0,0.492364
0,2,128,1,8,16,4,131072,0,0.49332
0,32,1,4,16,1,64,131072,0,0.24852
0,1,16,64,2,32,2,131072,0,0.484923
0,1,1,512,2,4,32,131072,0,0.480288
0,16,2,8,8,64,1,131072,0,0.2497
0,2,256,1,1,4,64,131072,0,0.249519
0,512,1,2,2,16,4,131072,0,0.249891
0,2,8,32,1,16,16,131072,0,0.486077
0,1,2,512,4,32,1,131072,0,0.490837
0,32,16,8,1,16,2,131072,0,0.491383
0,2,1,64,64,2,8,131072,0,0.483193
0,1,1,256,4,2,64,131072,0,0.248662
0,8,2,128,4,4,4,131072,0,0.249794
0,32,1,32,2,4,16,131072,0,0.484419
0,32,16,2,1,64,2,131072,0,0.485903
0,2,128,4,1,2,64,131072,0,0.491489
0,2,2,128,2,4,32,131072,0,0.491986
0,4,8,32,8,8,2,131072,0,0.490915
0,1,256,8,16,2,2,131072,0,0.249847
0,2,2,32,16,4,16,131072,0,0.24976
0,32,16,2,2,1,64,131072,0,0.249735
0,2,32,16,2,64,1,131072,0,0.492797
0,128,4,4,1,32,2,131072,0,0.249812
0,128,4,1,32,8,1,131072,0,0.483458
0,2,8,8,32,1,32,131072,0,0.491827
0,8,32,1,64,2,4,131072,0,0.249822
0,32,2,16,8,1,16,131072,0,0.481119
0,128,1,4,16,16,1,131072,0,0.249711
0,32,1,128,8,1,4,131072,0,0.48925
0,4,4,8,128,8,1,131072,0,0.24982
0,2,16,8,32,16,1,131072,0,0.249559
0,4,128,4,4,16,1,131072,0,0.249811
0,4,2,16,4,32,8,131072,0,0.249705
0,1,1,128,64,16,1,131072,0,0.487514
0,2,4,128,1,8,16,131072,0,0.49137
0,64,2,2,32,2,8,131072,0,0.249676
0,64,1,2,8,128,1,131072,0,0.249826
0,16,16,2,16,4,4,131072,0,0.247756
0,16,16,1,64,1,8,131072,0,0.249806
0,16,64,4,8,2,2,131072,0,0.485447
0,4,4,8,32,8,4,131072,0,0.249755
0,8,4,16,4,1,64,131072,0,0.491609
0,2,16,16,4,8,8,131072,0,0.491704
0,256,2,1,2,64,2,131072,0,0.482641
0,32,32,1,1,32,4,131072,0,0.249971
0,256,8,1,2,32,1,131072,0,0.249863
0,1,4,32,1,256,4,131072,0,0.491387
0,16,16,2,4,4,16,131072,0,0.249146
0,32,16,4,1,8,8,131072,0,0.24976
0,16,8,4,4,1,64,131072,0,0.491475
0,1,1024,4,1,4,8,131072,0,0.249833
0,2,1,512,1,128,1,131072,0,0.249746
0,2,256,4,2,2,16,131072,0,0.489352
0,1,64,2,64,8,2,131072,0,0.249569
0,32,8,2,4,32,2,131072,0,0.24977
0,1,2,256,2,16,8,131072,0,0.249777
0,2,1024,1,2,8,4,131072,0,0.249736
0,8,4,8,1,8,64,131072,0,0.248411
0,2,4,32,32,16,1,131072,0,0.249795
0,8,4,8,256,2,1,131072,0,0.48445
0,1,256,4,1,128,1,131072,0,0.249021
0,1,4,64,16,2,16,131072,0,0.24976
0,4,64,16,16,1,2,131072,0,0.249818
0,512,4,1,1,64,1,131072,0,0.493714
0,16,4,8,8,1,32,131072,0,0.249909
0,1,1024,1,8,2,8,131072,0,0.492208
0,4,128,8,1,8,4,131072,0,0.249549
0,4,32,16,8,4,2,131072,0,0.249601
0,1,16,8,8,2,64,131072,0,0.487698
0,128,2,1,8,1,64,131072,0,0.249781
0,16,1,16,2,256,1,131072,0,0.249758
0,1,4,64,4,2,64,131072,0,0.485058
0,128,8,4,1,1,32,131072,0,0.490377
0,4,16,32,16,4,1,131072,0,0.49372
0,2,256,8,8,4,1,131072,0,0.494766
0,8,2,64,1,8,16,131072,0,0.480834
0,128,1,2,16,2,16,131072,0,0.483945
0,8,32,4,1,16,8,131072,0,0.485894
0,2,32,8,32,2,4,131072,0,0.483509
0,1,2,1024,32,1,2,131072,0,0.249506
0,8,1,16,1,32,32,131072,0,0.249706
0,2,16,8,32,1,16,131072,0,0.249859
0,1,32,32,32,1,4,131072,0,0.249656
0,2,4,16,32,1,32,131072,0,0.49411
0,4,2,16,1,32,32,131072,0,0.489193
0,2,64,2,8,4,16,131072,0,0.249635
0,16,16,4,2,32,2,131072,0,0.492737
0,2,256,1,2,64,2,131072,0,0.492784
0,64,4,8,2,16,2,131072,0,0.49439
0,2,8,32,4,16,4,131072,0,0.494093
0,1,8,16,128,1,8,131072,0,0.249847
0,1,4,32,4,16,16,131072,0,0.249734
0,512,1,4,16,4,1,131072,0,0.491986
0,1,32,8,4,64,2,131072,0,0.493807
0,4,4,32,8,16,2,131072,0,0.249699
0,4,32,2,128,4,1,131072,0,0.492429
0,16,16,4,1,16,8,131072,0,0.249744
0,256,8,1,8,1,8,131072,0,0.249777
0,4,4,8,2,16,32,131072,0,0.484851
0,64,32,2,4,1,8,131072,0,0.249633
0,8,16,1,4,256,1,131072,0,0.489895
0,2,64,4,1,128,2,131072,0,0.249673
0,8,1,512,2,8,2,131072,0,0.491162
0,4,1,64,16,8,4,131072,0,0.24981
0,16,4,8,1,4,64,131072,0,0.478969
0,4,4,256,2,8,2,131072,0,0.492714
0,256,16,1,8,4,1,131072,0,0.493419
0,16,16,1,8,32,2,131072,0,0.249783
0,8,64,1,32,1,8,131072,0,0.249826
0,8,2,32,8,16,2,131072,0,0.249703
0,8,2,64,32,4,1,131072,0,0.492064
0,16,4,2,8,16,8,131072,0,0.249789
0,2,1,2048,2,8,2,131072,0,0.2495
0,32,4,4,16,16,1,131072,0,0.249799
0,8,8,32,8,4,2,131072,0,0.494336
0,128,1,1,16,64,1,131072,0,0.249733
0,1,16,8,64,1,16,131072,0,0.249725
0,1,1,128,32,2,16,131072,0,0.492032
0,4,4,256,2,1,16,131072,0,0.491279
0,2,2,64,8,2,32,131072,0,0.249645
0,256,1,1,256,2,1,131072,0,0.249816
0,4,2,64,1,256,1,131072,0,0.249812
0,32,4,4,4,2,32,131072,0,0.24
0,1024,1,1,2,2,32,131072,0,0.491418
0,2,16,16,1,256,1,131072,0,0.249923
0,32,2,8,8,2,16,131072,0,0.494634
0,2,64,32,1,2,16,131072,0,0.493041
0,32,8,8,8,4,2,131072,0,0.249762
0,1,128,1,32,1,32,131072,0,0.249725
0,32,32,1,1,8,16,131072,0,0.494365
0,256,1,2,128,1,2,131072,0,0.249817
0,16,4,4,128,2,2,131072,0,0.49513
0,1,32,4,64,1,16,131072,0,0.249956
0,2,8,16,64,1,8,131072,0,0.491509
0,16,2,8,16,16,2,131072,0,0.493387
0,64,2,16,8,1,8,131072,0,0.49158
0,512,1,8,4,4,2,131072,0,0.491972
0,4,8,16,16,2,8,131072,0,0.491732
0,8,2,8,8,128,1,131072,0,0.494543
0,1,256,4,4,8,4,131072,0,0.249726
0,32,2,4,8,1,64,131072,0,0.483383
0,4,64,8,8,2,4,131072,0,0.490573
0,1,8,32,16,4,8,131072,0,0.249766
0,8,4,32,4,32,1,131072,0,0.249712
0,2,8,32,1,32,8,131072,0,0.493942
0,1,256,1,32,16,1,131072,0,0.491467
0,4,4,8,8,2,64,131072,0,0.247833
0,256,4,1,8,4,4,131072,0,0.482331
0,2,16,4,8,2,64,131072,0,0.249835
0,8,4,32,1,2,64,131072,0,0.249789
0,1,4,1024,4,2,4,131072,0,0.490197
0,16,8,32,1,32,1,131072,0,0.493481
0,4,1,1024,32,1,1,131072,0,0.248914
0,16,128,1,2,1,32,131072,0,0.249781
0,8,128,1,64,1,2,131072,0,0.249796
0,2,64,32,4,1,8,131072,0,0.249804
0,8,4,8,8,8,8,131072,0,0.249674
0,128,8,4,8,2,2,131072,0,0.494777
0,256,4,1,128,1,1,131072,0,0.492703
0,256,4,2,8,1,8,131072,0,0.493281
0,2,2,32,256,2,2,131072,0,0.249786
0,32,1,4,128,1,8,131072,0,0.490753
0,512,1,1,16,4,4,131072,0,0.24979
0,64,8,1,16,2,8,131072,0,0.249824
0,4,64,1,2,256,1,131072,0,0.249667
0,2,2,128,1,32,8,131072,0,0.493369
0,2,4,512,4,1,8,131072,0,0.491269
0,16,64,2,8,1,8,131072,0,0.492798
0,1,8,128,1,4,32,131072,0,0.491112
0,256,1,1,64,1,8,131072,0,0.489955
0,2,8,256,1,1,32,131072,0,0.483736
0,1,4,1024,2,8,2,131072,0,0.249789
0,2,32,8,64,4,1,131072,0,0.24995
0,1,8,16,32,8,4,131072,0,0.482059
0,16,1,8,1,16,64,131072,0,0.494816
0,4,1,32,4,128,2,131072,0,0.491085
0,8,4,8,64,4,2,131072,0,0.483732
0,128,1,8,64,1,2,131072,0,0.249763
0,1,256,16,2,1,16,131072,0,0.491382
0,64,1,32,4,1,16,131072,0,0.491504
0,16,2,128,1,4,8,131072,0,0.489553
0,64,1,8,16,16,1,131072,0,0.249812
0,64,1,2,4,8,32,131072,0,0.249821
0,4,256,1,8,16,1,131072,0,0.249585
0,16,1,256,1,8,4,131072,0,0.249738
0,64,16,4,8,4,1,131072,0,0.491766
0,4,64,4,1,16,8,131072,0,0.249734
0,16,2,16,2,64,2,131072,0,0.489665
0,4,8,8,4,4,32,131072,0,0.249844
0,2,8,32,1,8,32,131072,0,0.249772
0,8,1,64,4,64,1,131072,0,0.249809
0,32,32,2,8,2,4,131072,0,0.492177
0,1,128,4,32,1,8,131072,0,0.488238
0,8,4,4,1,64,16,131072,0,0.482552
0,4,16,16,1,4,32,131072,0,0.493808
0,2048,2,1,1,16,2,131072,0,0.481933
0,128,1,1,32,32,1,131072,0,0.491675
0,1024,2,2,2,2,8,131072,0,0.49361
0,64,1,2,512,2,1,131072,0,0.249621
0,1,1,128,1,32,32,131072,0,0.249961
0,2,1,2048,2,1,16,131072,0,0.249688
0,64,4,1,2,8,32,131072,0,0.249663
0,1,32,64,16,2,2,131072,0,0.489117
0,1,32,4,64,4,4,131072,0,0.494123
0,2,8,16,4,128,1,131072,0,0.249802
0,8,2,32,32,1,8,131072,0,0.481923
0,64,1,4,1,32,16,131072,0,0.49312
0,4,16,32,16,1,4,131072,0,0.249062
0,64,8,4,1,16,4,131072,0,0.49334
0,128,8,4,4,1,8,131072,0,0.249768
0,512,1,1,32,8,1,131072,0,0.24975
0,4,16,2,2,16,32,131072,0,0.491654
0,32,2,16,32,1,4,131072,0,0.249734
0,256,2,4,8,8,1,131072,0,0.489553
0,512,4,1,8,1,8,131072,0,0.492323
0,128,1,32,4,8,1,131072,0,0.249774
0,2,1,512,16,4,2,131072,0,0.249966
0,128,8,1,8,2,8,131072,0,0.494867
0,16,16,4,2,8,8,131072,0,0.491687
0,64,4,16,1,16,2,131072,0,0.249748
0,4,4,16,8,16,4,131072,0,0.249853
0,16,32,2,1,64,2,131072,0,0.249773
0,16,4,32,1,8,8,131072,0,0.487535
0,256,2,2,8,1,16,131072,0,0.249832
0,4,512,1,4,1,16,131072,0,0.492058
0,4,128,4,2,8,4,131072,0,0.249756
0,16,2,64,32,2,1,131072,0,0.249966
0,4,64,2,8,8,4,131072,0,0.491166
0,2,1,128,1,256,2,131072,0,0.249911
0,1,512,2,2,8,8,131072,0,0.249837
0,16,8,16,1,8,8,131072,0,0.24976
0,8,32,4,2,8,8,131072,0,0.248737
0,4,4,16,16,2,16,131072,0,0.489916
0,256,1,4,4,1,32,131072,0,0.491287
0,16,1,16,1,64,8,131072,0,0.249806
0,1,128,32,1,32,1,131072,0,0.492742
0,1,4,64,128,2,2,131072,0,0.492101
0,256,1,8,1,4,16,131072,0,0.494366
0,64,2,8,1,32,4,131072,0,0.492026
0,8,128,2,1,1,64,131072,0,0.482984
0,1,64,4,64,2,4,131072,0,0.492774
0,32,8,1,64,4,2,131072,0,0.249805
0,8,8,8,8,2,16,131072,0,0.490502
0,1,1,512,2,8,16,131072,0,0.492594
0,8,32,2,16,16,1,131072,0,0.492708
0,16,16,2,4,2,32,131072,0,0.493597
0,16,4,4,32,2,8,131072,0,0.481425
0,1024,1,4,1,4,8,131072,0,0.249799
0,512,1,2,4,1,32,131072,0,0.494402
0,1,32,64,1,8,8,131072,0,0.493891
0,4,8,8,64,2,4,131072,0,0.249779
0,2,2,64,16,4,8,131072,0,0.249858
0,8,32,2,8,8,4,131072,0,0.840353
0,128,1,1,1,16,64,131072,0,0.478533
0,256,1,8,2,2,16,131072,0,0.249523
0,4,2,32,1,32,16,131072,0,0.249956
0,2,64,4,8,1,32,131072,0,0.492724
0,8,32,16,2,8,2,131072,0,0.249823
0,1,128,32,4,8,1,131072,0,0.491585
0,1,1024,4,4,4,2,131072,0,0.248538
0,1,16,16,16,1,32,131072,0,0.491841
0,2,8,8,16,8,8,131072,0,0.249702
0,1,128,16,8,4,2,131072,0,0.249962
0,256,8,2,8,2,2,131072,0,0.249739
0,4,16,32,4,8,2,131072,0,0.493288
0,16,32,2,1,16,8,131072,0,0.493637
0,1,128,4,2,2,64,131072,0,0.491638
0,1,8,512,2,2,8,131072,0,0.249853
0,1,128,16,8,8,1,131072,0,0.249723
0,2,16,4,128,8,1,131072,0,0.48977
0,4,2,64,4,2,32,131072,0,0.823375
0,8,16,8,16,2,4,131072,0,0.24977
0,32,128,1,2,16,1,131072,0,0.249798
0,32,4,4,256,1,1,131072,0,0.489068
0,2,1,128,32,1,16,131072,0,0.495635
0,1,1,128,256,1,4,131072,0,0.2498
0,2,8,16,16,4,8,131072,0,0.493109
0,4,16,2,4,8,32,131072,0,0.481934
0,32,4,16,2,8,4,131072,0,0.492546
0,8,8,8,1,16,16,131072,0,0.493852
0,2,1,512,2,2,32,131072,0,0.488716
0,2,16,32,2,8,8,131072,0,0.495549
0,4,1,64,64,1,8,131072,0,0.492514
0,1,16,128,64,1,1,131072,0,0.493557
0,256,4,4,8,2,2,131072,0,0.249712
0,64,2,4,32,2,4,131072,0,0.249734
0,1,2,64,4,16,16,131072,0,0.479854
0,1,64,4,4,16,8,131072,0,0.49209
0,512,4,1,1,2,32,131072,0,0.493354
0,1,512,8,16,2,1,131072,0,0.481546
0,8,1,64,1,4,64,131072,0,0.249829
0,2,16,128,1,4,8,131072,0,0.249296
0,4,16,2,16,2,32,131072,0,0.490997
0,64,4,1,64,8,1,131072,0,0.249893
0,1,2,512,8,8,2,131072,0,0.249955
0,4,16,2,256,2,2,131072,0,0.4866
0,16,8,8,2,64,1,131072,0,0.249842
0,128,1,4,8,1,32,131072,0,0.491606
0,1024,1,4,2,4,4,131072,0,0.49212
0,8,128,2,1,32,2,131072,0,0.492319
0,8,8,2,1,32,32,131072,0,0.493864
0,4,1,256,16,4,2,131072,0,0.479689
0,1,32,16,4,8,8,131072,0,0.249817
0,8,128,1,8,2,8,131072,0,0.492827
0,512,1,2,8,8,2,131072,0,0.489231
0,256,2,2,64,1,2,131072,0,0.2498
0,1,8,32,1,32,16,131072,0,0.491039
0,4,1,1024,4,1,8,131072,0,0.493083
0,1,1024,1,4,2,16,131072,0,0.249868
0,16,8,16,1,32,2,131072,0,0.249821
0,2,32,8,16,1,16,131072,0,0.482864
0,1,2,64,2,32,16,131072,0,0.249816
0,16,1,32,32,4,2,131072,0,0.249333
0,2,32,8,64,1,4,131072,0,0.249767
0,2,8,16,4,32,4,131072,0,0.492753
0,512,2,4,1,1,32,131072,0,0.491651
0,4,32,1,256,4,1,131072,0,0.49462
0,1,2,128,2,8,32,131072,0,0.491038
0,8,8,4,16,16,2,131072,0,0.48969
0,2,256,8,1,16,2,131072,0,0.474376
0,64,4,8,32,1,2,131072,0,0.249659
0,16,1,8,2,32,16,131072,0,0.249655
0,16,16,4,4,1,32,131072,0,0.480455
0,8,16,2,32,2,8,131072,0,0.249763
0,256,2,4,8,2,4,131072,0,0.248756
0,16,4,16,2,2,32,131072,0,0.493861
0,512,8,1,2,16,1,131072,0,0.249836
0,32,32,1,2,32,2,131072,0,0.49243
0,16,8,1,64,16,1,131072,0,0.49142
0,8,1,32,512,1,1,131072,0,0.249821
0,1,2,256,4,64,1,131072,0,0.249771
0,2,8,8,16,4,16,131072,0,0.484026
0,1,2,256,16,1,16,131072,0,0.249743
0,128,2,2,32,1,8,131072,0,0.24955
0,4,64,2,32,2,4,131072,0,0.249804
0,64,16,2,4,1,16,131072,0,0.491865
0,16,16,2,4,8,8,131072,0,0.249747
0,1,8,256,64,1,1,131072,0,0.482321
0,8,16,16,1,32,2,131072,0,0.479627
0,1,64,64,2,8,2,131072,0,0.249716
0,64,2,1,4,64,4,131072,0,0.492396
0,1024,4,1,4,4,2,131072,0,0.493978
0,4,1,512,8,2,4,131072,0,0.492843
0,2,64,1,1,32,32,131072,0,0.496369
0,256,1,1,64,2,4,131072,0,0.483658
0,2,16,4,4,256,1,131072,0,0.249157
0,32,8,16,4,8,1,131072,0,0.24903
0,4,16,2,16,64,1,131072,0,0.492002
0,1,32,32,8,1,16,131072,0,0.492191
0,16,32,1,4,16,4,131072,0,0.494593
0,1,32,32,64,1,2,131072,0,0.494243
0,4,64,4,4,2,16,131072,0,0.249751
0,8,32,4,8,2,8,131072,0,0.491046
0,8,32,1,32,4,4,131072,0,0.249846
0,2,64,1,128,1,8,131072,0,0.494509
0,1,16,32,16,8,2,131072,0,0.249904
0,1,8,64,32,2,4,131072,0,0.493972
0,64,1,32,8,1,8,131072,0,0.490056
0,1,64,8,32,4,2,131072,0,0.24985
0,4,1,64,8,8,8,131072,0,0.49051
0,512,2,2,4,8,2,131072,0,0.492665
0,1,4,1024,4,1,8,131072,0,0.249937
0,64,2,2,1,128,4,131072,0,0.491246
0,512,1,8,32,1,1,131072,0,0.24971
0,32,32,2,4,2,8,131072,0,0.249713
0,64,1,8,16,8,2,131072,0,0.490793
0,4,1024,1,4,4,2,131072,0,0.2498
0,1,256,4,16,4,2,131072,0,0.492655
0,1,1024,4,4,8,1,131072,0,0.249782
0,64,1,2,2,128,4,131072,0,0.249533
0,16,128,1,4,16,1,131072,0,0.249784
0,32,4,16,8,2,4,131072,0,0.249339
0,1,128,4,4,32,2,131072,0,0.491901
0,4,1,64,2,4,64,131072,0,0.490993
0,8,2,8,256,2,2,131072,0,0.249909
0,1,32,8,4,4,32,131072,0,0.493646
0,128,1,1,512,2,1,131072,0,0.249637
0,64,8,2,16,8,1,131072,0,0.249775
0,1,4096,1,4,8,1,131072,0,0.249783
0,256,2,2,1,32,4,131072,0,0.249775
0,8,2,8,1024,1,1,131072,0,0.493689
0,2,8,128,4,4,4,131072,0,0.249817
0,64,1,32,4,2,8,131072,0,0.492518
0,1,8,32,4,4,32,131072,0,0.492368
0,2,64,2,16,1,32,131072,0,0.484445
0,1,128,4,8,1,32,131072,0,0.249945
0,2,128,4,2,8,8,131072,0,0.483151
0,2,64,8,4,32,1,131072,0,0.493827
0,512,1,1,32,4,2,131072,0,0.493097
0,1,64,4,2,4,64,131072,0,0.493243
0,16,16,16,8,2,2,131072,0,0.492632
0,16,16,16,4,2,4,131072,0,0.249794
0,1,2,2048,4,2,4,131072,0,0.492626
0,8,16,2,256,1,2,131072,0,0.491862
0,16,4,2,2,256,2,131072,0,0.24973
0,32,32,1,8,2,8,131072,0,0.491615
0,8,16,1,256,2,2,131072,0,0.249753
0,32,1,32,1,128,1,131072,0,0.482222
0,32,8,16,2,8,2,131072,0,0.490901
0,1,1024,2,2,32,1,131072,0,0.492396
0,4,256,4,2,2,8,131072,0,0.249759
0,4,8,128,8,1,4,131072,0,0.490988
0,64,1,16,4,8,4,131072,0,0.492027
0,4,8,8,32,2,8,131072,0,0.494565
0,1,8,128,64,2,1,131072,0,0.249755
0,4096,1,1,1,8,4,131072,0,0.49171
0,1,1,128,1,16,64,131072,0,0.492751
0,256,2,2,32,1,4,131072,0,0.249377
0,1024,2,2,2,1,16,131072,0,0.248317
0,4,32,8,2,32,2,131072,0,0.494844
0,4,1,64,8,16,4,131072,0,0.249264
0,64,1,4,64,4,2,131072,0,0.49243
0,64,1,8,4,1,64,131072,0,0.494082
0,2,2,512,2,16,2,131072,0,0.494335
0,8,4,8,32,8,2,131072,0,0.493895
0,1,8,32,4,8,16,131072,0,0.249735
0,2048,1,1,2,1,32,131072,0,0.493821
0,2,128,4,8,8,2,131072,0,0.49294
0,2,8,8,1,32,32,131072,0,0.249695
0,16,1,32,16,4,4,131072,0,0.249716
0,1,32,128,2,8,2,131072,0,0.249759
0,2,128,4,1,64,2,131072,0,0.493848
0,4,8,4,64,16,1,131072,0,0.482461
0,2,16,4,8,4,32,131072,0,0.249958
0,2,128,4,32,1,4,131072,0,0.249822
0,4,128,4,32,2,1,131072,0,0.493102
0,8,64,4,8,8,1,131072,0,0.24976
0,4,4,16,16,4,8,131072,0,0.494755
0,64,4,2,2,2,64,131072,0,0.492721
0,128,2,8,8,1,8,131072,0,0.249814
0,2,8,8,128,1,8,131072,0,0.492717
0,2,16,8,1,32,16,131072,0,0.493492
0,8,32,1,2,64,4,131072,0,0.494476
0,4,1024,1,1,2,16,131072,0,0.24969
0,8,4,32,4,1,32,131072,0,0.492937
0,128,4,2,2,32,2,131072,0,0.249633
0,4096,1,1,2,4,4,131072,0,0.2498
0,64,2,32,1,16,2,131072,0,0.249811
0,512,1,8,8,2,2,131072,0,0.49431
0,64,2,32,1,8,4,131072,0,0.492895
0,32,2,8,1,16,16,131072,0,0.494158
0,128,1,8,1,2,64,131072,0,0.248934
0,256,1,1,32,4,4,131072,0,0.479808
0,1,4,1024,8,1,4,131072,0,0.249779
0,32,2,8,8,1,32,131072,0,0.24978
0,32,1,128,8,2,2,131072,0,0.485461
0,256,16,1,1,1,32,131072,0,0.249783
0,128,1,1,32,8,4,131072,0,0.491922
0,8,2,32,1,8,32,131072,0,0.249715
0,2,1024,1,32,2,1,131072,0,0.249786
0,1,128,4,128,2,1,131072,0,0.493408
0,128,1,2,4,8,16,131072,0,0.493287
0,4,128,2,2,4,16,131072,0,0.488029
0,1,8,16,1,1024,1,131072,0,0.249729
0,128,2,16,4,8,1,131072,0,0.494491
0,16,4,4,64,2,4,131072,0,0.249839
0,128,8,1,1,2,64,131072,0,0.493078
0,2,1,1024,1,16,4,131072,0,0.249774
0,256,1,1,256,1,2,131072,0,0.493596
0,1,128,1,64,4,4,131072,0,0.249058
0,4096,1,1,4,1,8,131072,0,0.489958
0,4,4,8,256,2,2,131072,0,0.4934
0,32,1,32,1,4,32,131072,0,0.491159
0,8,16,2,32,1,16,131072,0,0.249762
0,4,4,64,1,64,2,131072,0,0.483865
0,32,2,2,256,2,2,131072,0,0.4
0,1,4,64,8,8,8,131072,0,0.249828
0,8,8,64,1,32,1,131072,0,0.485262
0,16,4,4,16,1,32,131072,0,0.248976
